{
  "relativePosition": {
    "X": 0.0,
    "Y": 0.0,
    "Z": 0.0
  },
  "parts": {
    "wall": {
      "relativePosition": {
        "X": 0.0,
        "Y": -0.2,
        "Z": 0.0
      },
      "color": {
        "R": 0.08627451,
        "G": 0.4392157,
        "B": 0.54509807,
        "A": 1
      },
      "vertexArray": [
        -0.4,
        -0.4,
         0.5,
         0.4,
        -0.4,
         0.5,
         0.4,
         0.4,
         0.5,
        -0.4,
         0.4,
         0.5,

        -0.4,
        -0.4,
        -0.5,
         0.4,
        -0.4,
        -0.5,
         0.4,
         0.4,
        -0.5,
        -0.4,
         0.4,
        -0.5
      ],
      "indices": [
        0,
        1,
        2,
        2,
        3,
        0,
        0,
        4,
        1,
        1,
        5,
        4,
        4,
        7,
        0,
        0,
        3,
        7,
        7,
        3,
        2,
        2,
        6,
        7,
        7,
        6,
        4,
        4,
        5,
        6,
        6,
        2,
        1,
        1,
        5,
        6
      ]

    },

    "roof": {
      "relativePosition": {
        "X": 0.0,
        "Y": 0.45,
        "Z": 0.0
      },
      "color": {
        "R": 0.8117647,
        "G": 0.28235295,
        "B": 0.16862746,
        "A": 1
      },
      "vertexArray": [
        -0.50,
        -0.25,
         0.50,
         0.50,
        -0.25,
         0.50,
         0.00,
         0.25,
         0.50,

        -0.50,
        -0.25,
        -0.50,
         0.50,
        -0.25,
        -0.50,
         0.00,
         0.25,
        -0.50
      ],
      "indices": [
        0,
        1,
        2,
        1,
        4,
        5,
        5,
        2,
        1,
        1,
        4,
        3,
        3,
        1,
        0,
        0,
        3,
        2,
        2,
        3,
        5,
        5,
        3,
        4
      ]
    },
    "door": {
      "relativePosition": {
        "X": -0.10,
        "Y": -0.40,
        "Z":  0.51
      },
      "color": {
        "R": 0.46666667,
        "G": 0.02745098,
        "B": 0.03529412,
        "A": 1
      },
      "vertexArray": [
         0.0,
        -0.2,
         0.0,
         0.2,
        -0.2,
         0.0,
         0.2,
         0.2,
         0.0,
         0.0,
         0.2,
         0.0
      ],
      "indices": [
        0,
        1,
        2,
        2,
        3,
        0
      ]
    }
  }
  
}